id,height,mbti_type,genre,beverage
2,168,ENFJ - Protagonist,Platformer,Coffee
3,157,INFP - Mediator,Metroidvania,Tea
4,193,ENTP - Debater,Adventure,Tea
5,170,INFJ - Advocate,Role-Playing Game,Coffee
7,173,INTP - Logician,Action-Adventure,Tea
8,175,INFP - Mediator,Roguelike,Coffee
9,174,INTP - Logician,Role-Playing Game,Neither
10,181,INFP - Mediator,Open World,Tea
11,180,ISFP - Adventurer,First-Person Shooter,Tea
12,165,ENFP - Campaigner,First-Person Shooter,Tea
13,188,INTP - Logician,Co-op,Tea
14,177,ISFP - Adventurer,MOBA,Neither
15,174,INTJ - Architect,Sandbox,Neither
16,170,INFJ - Advocate,Horror,Coffee
17,164,INFJ - Advocate,Survival Horror,Coffee
18,145,ESTJ - Executive,Visual Novel,Coffee
19,173,INFJ - Advocate,Role-Playing Game,Coffee
21,180,INFP-Mediator,First-Person Shooter,Coffee
23,172,INTP - Logician,Platformer,Neither
24,175,ISTP - Virtuoso,Action-Adventure,Coffee
